Aktivitätstyp,Datum,Favorit,Titel,Distanz,Kalorien,Zeit,Ø Herzfrequenz,Maximale Herzfrequenz,Aerober TE,Ø Schrittfrequenz (Laufen),Max. Schrittfrequenz (Laufen),Ø Pace,Beste Pace,Positiver Höhenunterschied,Negativer Höhenunterschied,Ø Schrittlänge,Durchschnittliches vertikales Verhältnis,Ø vertikale Bewegung,Training Stress Score®,Grit,Flow,Kletterzeit,Grundzeit,Minimale Temperatur,Oberflächenpause,Dekompression,Beste Rundenzeit,Anzahl der Runden,Maximale Temperatur
Laufen,2020-12-31 14:37:21,false,"Silvesterlauf 5k","5.01","280","00:16:29","181","189","3.0","181","188","3:18","3:03","11","17","1.68","0.0","0.0","0.0","0.0","0.0","16:29","0:00","8.0","0:00","Nein","00:00.86","6","0.0"
Laufen,2020-12-31 14:07:39,false,"Deinste Laufen","4.00","235","00:19:33","142","152","1.6","164","172","4:53","4:31","16","3","1.25","0.0","0.0","0.0","0.0","0.0","19:33","0:00","10.0","0:00","Nein","04:43.39","4","0.0"
Laufen,2020-12-30 13:32:28,false,"Deinste Laufen","10.04","544","00:48:25","140","169","2.1","167","192","4:50","2:19","18","23","1.24","0.0","0.0","0.0","0.0","0.0","48:25","0:00","15.0","0:00","Nein","00:12.09","11","0.0"
Laufen,2020-12-29 12:38:02,false,"Deinste - 5x5Min Gelände","15.70","874","01:02:36","163","183","3.4","173","186","3:59","3:08","48","49","1.45","0.0","0.0","0.0","0.0","0.0","1:02:36","0:00","9.0","0:00","Nein","05:00.00","11","0.0"
Laufen,2020-12-28 14:12:02,false,"Deinste Laufen","6.00","379","00:27:56","150","163","2.4","171","178","4:39","4:15","11","11","1.26","0.0","0.0","0.0","0.0","0.0","27:56","0:00","17.0","0:00","Nein","04:32.41","6","0.0"
Laufen,2020-12-27 10:56:17,false,"Deinste Laufen","13.47","864","00:57:53","160","178","3.4","172","184","4:18","3:51","50","39","1.36","0.0","0.0","0.0","0.0","0.0","57:53","0:00","14.0","0:00","Nein","02:04.61","14","0.0"
Laufen,2020-12-26 13:07:47,false,"Deinste - 8x1000m Gelände","15.75","891","01:03:01","162","182","3.5","174","192","4:00","3:04","65","54","1.43","0.0","0.0","0.0","0.0","0.0","1:03:01","0:00","10.0","0:00","Nein","02:13.05","17","0.0"
Laufen,2020-12-25 14:11:58,false,"Deinste Laufen","8.23","464","00:35:24","149","160","2.6","166","178","4:18","3:54","26","20","1.40","0.0","0.0","0.0","0.0","0.0","35:24","0:00","8.0","0:00","Nein","00:54.79","9","0.0"
Laufen,2020-12-24 13:43:31,false,"Deinste Laufen","8.34","506","00:42:31","146","177","2.2","156","218","5:06","2:19","22","22","1.25","0.0","0.0","0.0","0.0","0.0","42:31","0:00","12.0","0:00","Nein","00:47.10","12","0.0"
Laufen,2020-12-23 10:57:20,false,"Deinste Laufen","12.10","682","00:56:28","145","167","2.3","170","186","4:40","4:12","31","27","1.26","0.0","0.0","0.0","0.0","0.0","56:28","0:00","15.0","0:00","Nein","00:26.42","13","0.0"
Laufen,2020-12-22 14:22:44,false,"Deinste - 10x1Min Gelände","10.72","635","00:44:51","158","187","3.2","171","196","4:11","2:33","19","32","1.39","0.0","0.0","0.0","0.0","0.0","44:51","0:00","14.0","0:00","Nein","00:53.58","24","0.0"
Laufen,2020-12-20 14:53:18,false,"Deinste Laufen","18.09","1,069","01:17:37","155","170","3.1","163","176","4:17","3:55","41","43","1.43","0.0","0.0","0.0","0.0","0.0","1:17:37","0:00","15.0","0:00","Nein","00:21.52","19","0.0"
Laufen,2020-12-19 13:42:19,false,"Lüneburg Laufen","8.07","465","00:40:19","143","174","2.0","155","228","5:00","2:20","39","37","1.29","0.0","0.0","0.0","0.0","0.0","40:19","0:00","14.0","0:00","Nein","00:27.61","11","0.0"
Laufen,2020-12-18 15:20:47,false,"Lüneburg Laufen","15.04","880","01:07:32","152","164","2.6","166","178","4:29","3:53","94","86","1.34","0.0","0.0","0.0","0.0","0.0","1:07:32","0:00","13.0","0:00","Nein","00:08.70","16","0.0"
Laufen,2020-12-17 14:35:11,false,"Lüneburg Laufen","14.71","812","01:04:31","154","181","3.0","166","192","4:23","2:21","44","41","1.37","0.0","0.0","0.0","0.0","0.0","1:04:31","0:00","14.0","0:00","Nein","00:43.38","33","0.0"
Laufen,2020-12-16 09:06:44,false,"Lüneburg Laufen","11.89","667","00:53:52","146","161","2.5","171","182","4:32","4:00","60","60","1.29","0.0","0.0","0.0","0.0","0.0","53:52","0:00","14.0","0:00","Nein","03:58.03","12","0.0"
Laufen,2020-12-15 13:18:32,false,"Lüneburg Laufen","12.34","747","00:50:17","164","191","3.5","172","189","4:04","3:00","38","32","1.42","0.0","0.0","0.0","0.0","0.0","50:17","0:00","14.0","0:00","Nein","00:59.56","14","0.0"
Laufen,2020-12-13 14:53:19,false,"Lüneburg Laufen","15.00","882","01:04:51","155","175","3.0","167","178","4:19","3:56","89","89","1.39","0.0","0.0","0.0","0.0","0.0","1:04:51","0:00","10.0","0:00","Nein","04:10.10","15","0.0"
Laufen,2020-12-12 13:38:30,false,"Lüneburg Laufen","13.46","727","00:55:18","156","187","3.1","169","192","4:07","2:17","65","64","1.43","0.0","0.0","0.0","0.0","0.0","55:18","0:00","12.0","0:00","Nein","01:07.31","13","0.0"
Laufen,2020-12-11 14:02:02,false,"Lüneburg Laufen","10.08","607","00:42:00","156","171","3.2","167","182","4:10","3:35","51","54","1.43","0.0","0.0","0.0","0.0","0.0","42:00","0:00","13.0","0:00","Nein","00:18.99","11","0.0"
Laufen,2020-12-10 14:43:11,false,"Lüneburg Laufen","8.76","561","00:44:11","149","179","2.4","156","210","5:03","2:24","63","68","1.27","0.0","0.0","0.0","0.0","0.0","44:11","0:00","14.0","0:00","Nein","00:12.23","11","0.0"
Laufen,2020-12-09 09:07:03,false,"Lüneburg Laufen","11.91","725","00:51:56","154","174","3.1","170","184","4:22","3:55","57","59","1.35","0.0","0.0","0.0","0.0","0.0","51:56","0:00","10.0","0:00","Nein","03:52.19","12","0.0"
Laufen,2020-12-08 15:06:13,false,"Lüneburg Laufen","13.45","757","00:59:41","154","184","2.9","166","199","4:26","2:13","63","57","1.35","0.0","0.0","0.0","0.0","0.0","59:41","0:00","10.0","0:00","Nein","00:33.09","22","0.0"
Laufen,2020-12-06 14:43:23,false,"Lüneburg Laufen","16.60","1,017","01:11:22","157","169","3.3","166","179","4:18","3:44","56","51","1.40","0.0","0.0","0.0","0.0","0.0","1:11:22","0:00","11.0","0:00","Nein","02:37.45","17","0.0"
Laufen,2020-12-05 13:13:38,false,"Lüneburg Laufen","13.60","746","00:54:36","159","184","3.3","168","223","4:01","2:18","63","57","1.47","0.0","0.0","0.0","0.0","0.0","54:36","0:00","8.0","0:00","Nein","02:09.67","8","0.0"
Laufen,2020-12-04 09:38:32,false,"Lüneburg Laufen","6.66","385","00:30:22","146","159","2.2","169","182","4:34","4:01","32","39","1.30","0.0","0.0","0.0","0.0","0.0","30:22","0:00","13.0","0:00","Nein","02:56.80","7","0.0"
Laufen,2020-12-03 09:23:03,false,"Lüneburg Laufen","8.18","511","00:40:18","149","175","2.3","157","245","4:56","2:20","43","51","1.29","0.0","0.0","0.0","0.0","0.0","40:18","0:00","12.0","0:00","Nein","00:23.05","11","0.0"
Laufen,2020-12-02 10:18:51,false,"Lüneburg Laufen","11.90","639","00:56:06","142","156","2.2","169","180","4:43","4:16","58","60","1.25","0.0","0.0","0.0","0.0","0.0","56:06","0:00","16.0","0:00","Nein","04:12.63","12","0.0"
Laufen,2020-12-01 13:29:10,false,"Lüneburg - 3x5x500m Straße","12.49","742","00:52:20","161","182","3.5","165","194","4:11","2:57","43","51","1.43","0.0","0.0","0.0","0.0","0.0","52:20","0:00","11.0","0:00","Nein","00:30.00","34","0.0"
Laufen,2020-11-29 13:57:53,false,"Lüneburg Laufen","13.22","749","00:54:10","161","187","3.4","168","195","4:06","2:10","69","58","1.45","0.0","0.0","0.0","0.0","0.0","54:10","0:00","9.0","0:00","Nein","02:08.28","12","0.0"
Laufen,2020-11-28 07:32:23,false,"Lüneburg Laufen","15.00","873","01:05:14","153","168","3.1","169","180","4:21","3:30","75","83","1.36","0.0","0.0","0.0","0.0","0.0","1:05:14","0:00","15.0","0:00","Nein","04:11.08","15","0.0"
Laufen,2020-11-27 11:10:46,false,"Lüneburg Laufen","7.90","442","00:37:41","143","157","2.1","168","179","4:46","3:46","41","39","1.25","0.0","0.0","0.0","0.0","0.0","37:41","0:00","14.0","0:00","Nein","04:11.75","8","0.0"
Laufen,2020-11-26 09:18:36,false,"Lüneburg Laufen","8.18","522","00:41:43","149","177","2.4","158","223","5:06","1:33","36","39","1.24","0.0","0.0","0.0","0.0","0.0","41:43","0:00","12.0","0:00","Nein","00:55.95","11","0.0"
Laufen,2020-11-25 08:56:55,false,"Lüneburg Laufen","11.91","660","00:55:00","146","160","2.3","169","180","4:37","4:00","54","61","1.28","0.0","0.0","0.0","0.0","0.0","55:00","0:00","16.0","0:00","Nein","03:57.84","12","0.0"
Laufen,2020-11-24 13:07:03,false,"Lüneburg - 12x500m Gelände","13.20","776","00:58:29","158","184","3.1","157","192","4:26","2:45","74","70","1.40","0.0","0.0","0.0","0.0","0.0","58:29","0:00","14.0","0:00","Nein","00:34.62","29","0.0"
Laufen,2020-11-22 14:17:37,false,"Lüneburg Laufen","14.90","874","01:05:51","154","175","2.8","165","176","4:25","3:59","84","87","1.37","0.0","0.0","0.0","0.0","0.0","1:05:51","0:00","16.0","0:00","Nein","03:49.96","15","0.0"
Laufen,2020-11-21 13:24:55,false,"Lüneburg Laufen","12.47","707","00:55:15","155","185","3.0","167","198","4:26","2:16","39","30","1.34","0.0","0.0","0.0","0.0","0.0","55:15","0:00","13.0","0:00","Nein","01:09.73","23","0.0"
Laufen,2020-11-20 13:23:33,false,"Lüneburg Laufen","8.45","477","00:38:59","145","157","2.2","163","174","4:37","4:18","38","36","1.33","0.0","0.0","0.0","0.0","0.0","38:59","0:00","12.0","0:00","Nein","02:03.62","9","0.0"
Laufen,2020-11-19 09:17:47,false,"Lüneburg Laufen","10.00","586","00:43:13","152","170","2.7","168","190","4:19","2:36","51","49","1.38","0.0","0.0","0.0","0.0","0.0","43:13","0:00","14.0","0:00","Nein","04:04.88","10","0.0"
Laufen,2020-11-18 09:13:49,false,"Lüneburg Laufen","10.00","627","00:41:51","159","174","3.3","166","178","4:11","3:50","52","50","1.44","0.0","0.0","0.0","0.0","0.0","41:51","0:00","16.0","0:00","Nein","03:59.37","10","0.0"
Laufen,2020-11-17 13:06:03,false,"Lüneburg - 8x700m Straße","12.53","707","00:51:17","161","186","3.4","167","186","4:06","2:43","35","39","1.45","0.0","0.0","0.0","0.0","0.0","51:17","0:00","16.0","0:00","Nein","01:27.69","21","0.0"
Laufen,2020-11-16 10:18:01,false,"Lüneburg Laufen","6.35","363","00:31:23","142","159","2.0","165","248","4:56","4:23","31","33","1.23","0.0","0.0","0.0","0.0","0.0","31:23","0:00","16.0","0:00","Nein","01:39.73","7","0.0"
Laufen,2020-11-15 14:25:16,false,"Lüneburg Laufen","11.03","649","00:51:13","154","181","3.0","161","188","4:39","2:43","161","157","1.33","0.0","0.0","0.0","0.0","0.0","51:13","0:00","18.0","0:00","Nein","00:26.89","29","0.0"
Laufen,2020-11-14 07:39:52,false,"Lüneburg Laufen","13.44","769","00:58:07","153","169","2.9","172","182","4:19","3:49","70","71","1.35","0.0","0.0","0.0","0.0","0.0","58:07","0:00","16.0","0:00","Nein","01:47.43","14","0.0"
Laufen,2020-11-13 12:29:57,false,"Lüneburg - 10x500m Straße","14.51","809","01:00:39","159","184","3.2","169","188","4:11","2:50","38","35","1.41","0.0","0.0","0.0","0.0","0.0","1:00:39","0:00","16.0","0:00","Nein","01:33.06","25","0.0"
Laufen,2020-11-12 14:20:55,false,"Lüneburg Laufen","15.00","899","01:04:57","157","175","3.1","171","182","4:20","3:48","86","90","1.35","0.0","0.0","0.0","0.0","0.0","1:04:57","0:00","14.0","0:00","Nein","04:05.95","15","0.0"
Laufen,2020-11-11 09:04:45,false,"Lüneburg Laufen","9.34","539","00:44:18","145","165","2.3","171","180","4:44","4:01","52","50","1.23","0.0","0.0","0.0","0.0","0.0","44:18","0:00","11.0","0:00","Nein","01:34.93","10","0.0"
Laufen,2020-11-10 13:13:41,false,"Lüneburg - 3x3000m Straße","14.55","814","00:57:33","167","188","3.8","171","186","3:57","3:12","50","49","1.47","0.0","0.0","0.0","0.0","0.0","57:33","0:00","11.0","0:00","Nein","02:12.26","16","0.0"
Laufen,2020-11-09 09:52:29,false,"Lüneburg Laufen","6.05","331","00:29:12","141","154","2.0","169","179","4:50","4:31","33","33","1.23","0.0","0.0","0.0","0.0","0.0","29:12","0:00","13.0","0:00","Nein","00:12.83","7","0.0"
Laufen,2020-11-08 13:42:36,false,"Lüneburg Laufen","16.77","922","01:16:22","151","169","2.5","164","194","4:33","2:20","55","49","1.34","0.0","0.0","0.0","0.0","0.0","1:16:22","0:00","17.0","0:00","Nein","03:23.77","17","0.0"
Laufen,2020-11-07 17:22:33,false,"Lüneburg Laufen","11.29","688","00:50:51","157","189","2.8","164","190","4:30","2:19","53","55","1.35","0.0","0.0","0.0","0.0","0.0","50:51","0:00","13.0","0:00","Nein","01:16.66","12","0.0"
Laufen,2020-11-05 14:14:03,false,"Lüneburg Laufen","11.60","688","00:57:04","152","198","2.6","158","198","4:55","2:24","123","123","1.26","0.0","0.0","0.0","0.0","0.0","57:04","0:00","15.0","0:00","Nein","00:27.10","29","0.0"
Laufen,2020-11-04 08:58:46,false,"Lüneburg Laufen","8.00","472","00:36:16","147","170","2.5","168","178","4:32","4:12","38","37","1.32","0.0","0.0","0.0","0.0","0.0","36:16","0:00","14.0","0:00","Nein","04:23.46","8","0.0"
Laufen,2020-11-03 12:57:03,false,"Lüneburg - 4x2000m Straße","14.46","849","00:57:23","168","194","3.8","171","182","3:58","3:11","27","27","1.47","0.0","0.0","0.0","0.0","0.0","57:23","0:00","16.0","0:00","Nein","00:00.73","18","0.0"
Laufen,2020-11-02 15:32:41,false,"Lüneburg Laufen","6.00","345","00:27:56","145","164","2.1","163","174","4:39","3:59","29","29","1.32","0.0","0.0","0.0","0.0","0.0","27:56","0:00","21.0","0:00","Nein","04:27.28","6","0.0"
Laufen,2020-11-01 14:11:24,false,"Lüneburg Laufen","15.03","884","01:10:00","151","164","2.5","167","180","4:39","4:00","96","89","1.28","0.0","0.0","0.0","0.0","0.0","1:10:00","0:00","20.0","0:00","Nein","00:08.67","16","0.0"
Laufen,2020-10-31 14:23:53,false,"Lüneburg Laufen","10.00","617","00:47:14","149","173","2.3","163","238","4:43","2:14","55","48","1.30","0.0","0.0","0.0","0.0","0.0","47:14","0:00","18.0","0:00","Nein","04:05.64","10","0.0"
Laufen,2020-10-29 17:23:38,false,"Lüneburg Laufen","13.82","764","01:07:05","149","209","2.8","160","194","4:51","2:15","69","59","1.26","0.0","0.0","0.0","0.0","0.0","1:07:05","0:00","12.0","0:00","Nein","01:26.49","15","0.0"
Laufen,2020-10-28 08:54:09,false,"Lüneburg Laufen","6.69","391","00:32:37","141","157","2.0","164","175","4:52","4:08","33","29","1.25","0.0","0.0","0.0","0.0","0.0","32:37","0:00","18.0","0:00","Nein","03:17.69","7","0.0"
Laufen,2020-10-27 18:01:34,false,"Lüneburg Laufen","12.35","685","00:55:58","151","184","3.0","166","194","4:32","2:22","64","49","1.31","0.0","0.0","0.0","0.0","0.0","55:58","0:00","13.0","0:00","Nein","00:33.59","18","0.0"
Laufen,2020-10-26 09:18:00,false,"Lüneburg Laufen","6.03","363","00:24:06","160","175","3.0","167","178","4:00","3:30","32","31","1.50","0.0","0.0","0.0","0.0","0.0","24:06","0:00","17.0","0:00","Nein","00:05.84","7","0.0"
Laufen,2020-10-25 13:38:04,false,"Lüneburg Laufen","16.82","1,053","01:12:52","158","175","3.4","163","176","4:20","3:42","53","48","1.42","0.0","0.0","0.0","0.0","0.0","1:12:52","0:00","19.0","0:00","Nein","03:30.25","17","0.0"
Laufen,2020-10-24 14:00:52,false,"Lüneburg Laufen","11.45","717","00:50:52","155","178","2.7","163","198","4:27","2:45","43","34","1.38","0.0","0.0","0.0","0.0","0.0","50:52","0:00","18.0","0:00","Nein","01:59.91","12","0.0"
Laufen,2020-10-22 17:57:03,false,"Lüneburg Laufen","16.19","940","01:15:54","152","184","3.0","165","198","4:41","2:08","57","49","1.28","0.0","0.0","0.0","0.0","0.0","1:15:54","0:00","18.0","0:00","Nein","00:35.03","45","0.0"
Laufen,2020-10-21 08:50:57,false,"Lüneburg Laufen","8.73","540","00:40:26","149","176","2.4","167","180","4:38","4:08","30","29","1.29","0.0","0.0","0.0","0.0","0.0","40:26","0:00","17.0","0:00","Nein","03:11.56","9","0.0"
Laufen,2020-10-20 17:52:48,false,"Lüneburg Laufen","13.40","731","01:04:36","149","209","2.9","155","196","4:49","2:02","72","63","1.30","0.0","0.0","0.0","0.0","0.0","1:04:36","0:00","13.0","0:00","Nein","01:17.07","13","0.0"
Laufbandtraining,2020-10-19 09:32:58,false,"Laufbandtraining","8.00","545","00:33:59","168","179","3.4","159","165","4:15","3:37","--","--","1.36","0.0","0.0","0.0","0.0","0.0","33:59","0:00","23.0","0:00","Nein","01:36.10","8","0.0"
Laufen,2020-10-18 13:20:35,false,"Deinste Laufen","15.95","920","01:11:43","152","204","2.6","163","174","4:30","4:04","35","33","1.36","0.0","0.0","0.0","0.0","0.0","1:11:43","0:00","18.0","0:00","Nein","04:11.13","16","0.0"
Laufen,2020-10-17 08:04:52,false,"Deinste Laufen","9.15","551","00:40:54","154","189","3.1","165","192","4:28","2:31","17","17","1.36","0.0","0.0","0.0","0.0","0.0","40:54","0:00","15.0","0:00","Nein","00:40.44","10","0.0"
Laufen,2020-10-15 17:50:05,false,"Lüneburg Laufen","14.54","800","01:14:51","146","206","2.6","154","212","5:09","2:07","68","64","1.23","0.0","0.0","0.0","0.0","0.0","1:14:51","0:00","13.0","0:00","Nein","00:15.39","44","0.0"
Laufen,2020-10-14 10:19:17,false,"Lüneburg Laufen","9.11","541","00:41:07","150","166","2.5","165","180","4:31","3:42","46","43","1.34","0.0","0.0","0.0","0.0","0.0","41:07","0:00","16.0","0:00","Nein","00:29.36","9","0.0"
Laufen,2020-10-13 17:53:28,false,"Lüneburg Laufen","13.78","756","01:01:22","154","183","3.1","166","226","4:27","1:59","46","43","1.35","0.0","0.0","0.0","0.0","0.0","1:01:22","0:00","14.0","0:00","Nein","01:01.33","20","0.0"
Laufen,2020-10-12 09:26:01,false,"Lüneburg Laufen","9.94","585","00:44:38","152","164","2.6","166","176","4:29","4:05","50","51","1.34","0.0","0.0","0.0","0.0","0.0","44:38","0:00","14.0","0:00","Nein","04:06.14","10","0.0"
Laufen,2020-10-10 14:28:24,false,"Offseason Fun Part VII","15.19","883","01:03:08","164","232","3.5","167","188","4:09","2:58","73","70","1.44","0.0","0.0","0.0","0.0","0.0","1:03:08","0:00","17.0","0:00","Nein","00:09.95","18","0.0"
Laufen,2020-10-09 14:48:54,false,"Offseason Fun Part VI","12.31","741","00:51:01","163","189","3.2","167","188","4:09","2:52","42","40","1.44","0.0","0.0","0.0","0.0","0.0","51:01","0:00","17.0","0:00","Nein","01:18.18","13","0.0"
Laufen,2020-10-07 13:04:52,false,"Offseason Fun Part V","9.85","591","00:41:53","159","191","3.0","167","191","4:15","2:52","34","38","1.41","0.0","0.0","0.0","0.0","0.0","41:53","0:00","18.0","0:00","Nein","01:14.02","12","0.0"
Laufen,2020-10-05 12:23:48,false,"Offseason Fun Part IV","8.68","514","00:37:49","155","189","2.8","164","186","4:22","2:57","27","20","1.39","0.0","0.0","0.0","0.0","0.0","37:49","0:00","19.0","0:00","Nein","00:14.37","10","0.0"
Laufen,2020-10-03 13:16:32,false,"Offseason Fun Part III","10.72","626","00:43:19","166","191","3.6","171","190","4:03","2:42","37","31","1.44","0.0","0.0","0.0","0.0","0.0","43:19","0:00","19.0","0:00","Nein","01:23.89","12","0.0"
Laufen,2020-10-02 13:40:55,false,"Offseason Fun Part II","11.24","684","00:48:26","160","189","3.2","169","188","4:19","2:55","34","31","1.37","0.0","0.0","0.0","0.0","0.0","48:26","0:00","18.0","0:00","Nein","02:41.03","12","0.0"
Laufen,2020-09-30 13:14:22,false,"Offseason Fun Part I","10.00","604","00:39:27","167","187","3.5","167","175","3:57","3:37","22","17","1.52","0.0","0.0","0.0","0.0","0.0","39:27","0:00","21.0","0:00","Nein","03:46.34","10","0.0"
Laufen,2020-09-28 12:11:49,false,"Jork Laufen","12.30","722","00:56:58","150","177","2.6","164","174","4:38","4:19","6","6","1.32","0.0","0.0","0.0","0.0","0.0","56:58","0:00","18.0","0:00","Nein","01:20.47","13","0.0"
Laufen,2020-09-27 15:17:09,false,"Deinste Laufen","10.02","565","00:48:59","145","175","2.1","165","174","4:53","4:23","24","32","1.24","0.0","0.0","0.0","0.0","0.0","48:59","0:00","14.0","0:00","Nein","00:04.95","11","0.0"
Laufen,2020-09-26 21:18:00,false,"Lübeck Laufen","10.00","615","00:35:39","182","194","4.3","178","198","3:34","2:44","56","54","1.62","0.0","0.0","0.0","0.0","0.0","35:39","0:00","18.0","0:00","Nein","03:22.88","10","0.0"
Laufen,2020-09-26 20:25:14,false,"Lübeck Laufen","3.50","224","00:16:39","147","164","2.2","164","174","4:45","4:25","11","11","1.28","0.0","0.0","0.0","0.0","0.0","16:39","0:00","17.0","0:00","Nein","02:25.85","4","0.0"
Laufen,2020-09-25 14:07:51,false,"Deinste Laufen","8.25","497","00:38:05","149","171","2.5","164","180","4:37","2:58","21","17","1.32","0.0","0.0","0.0","0.0","0.0","38:05","0:00","19.0","0:00","Nein","01:10.15","9","0.0"
Laufen,2020-09-24 13:38:21,false,"Deinste Laufen","11.92","704","00:51:28","154","169","2.9","165","177","4:19","3:48","27","30","1.41","0.0","0.0","0.0","0.0","0.0","51:28","0:00","20.0","0:00","Nein","04:02.80","12","0.0"
Laufen,2020-09-22 17:43:09,false,"Stade Laufen","12.29","695","00:53:39","158","191","3.1","164","201","4:22","1:54","34","28","1.39","0.0","0.0","0.0","0.0","0.0","53:39","0:00","22.0","0:00","Nein","00:32.58","15","0.0"
Laufen,2020-09-21 13:31:09,false,"Deinste Laufen","9.95","540","00:47:36","141","154","2.1","162","169","4:47","3:56","18","14","1.29","0.0","0.0","0.0","0.0","0.0","47:36","0:00","24.0","0:00","Nein","04:24.74","10","0.0"
Laufen,2020-09-20 17:09:15,false,"Deinste Laufen","6.96","379","00:30:42","144","155","2.1","163","172","4:25","3:38","18","18","1.39","0.0","0.0","0.0","0.0","0.0","30:42","0:00","21.0","0:00","Nein","04:04.45","7","0.0"
Laufen,2020-09-20 10:37:17,false,"Deinste Laufen","5.06","290","00:23:37","142","153","2.0","169","178","4:40","4:01","15","15","1.27","0.0","0.0","0.0","0.0","0.0","23:37","0:00","18.0","0:00","Nein","00:13.77","6","0.0"
Laufen,2020-09-19 14:08:27,false,"Deinste Laufen","17.90","1,072","01:18:42","154","172","2.9","166","197","4:24","2:16","56","50","1.37","0.0","0.0","0.0","0.0","0.0","1:18:42","0:00","23.0","0:00","Nein","03:50.33","18","0.0"
Laufen,2020-09-18 15:52:24,false,"Deinste Laufen","10.00","595","00:41:49","153","168","2.6","165","174","4:11","3:42","29","22","1.45","0.0","0.0","0.0","0.0","0.0","41:49","0:00","20.0","0:00","Nein","03:59.61","10","0.0"
Laufen,2020-09-17 17:52:31,false,"Lüneburg Laufen","13.26","736","01:05:08","145","179","2.6","153","229","4:55","2:16","46","37","1.29","0.0","0.0","0.0","0.0","0.0","1:05:08","0:00","18.0","0:00","Nein","01:03.63","33","0.0"
Laufen,2020-09-16 14:14:00,false,"Lüneburg Laufen","12.00","757","00:51:55","157","175","3.2","167","180","4:20","3:49","54","56","1.39","0.0","0.0","0.0","0.0","0.0","51:55","0:00","25.0","0:00","Nein","04:13.74","12","0.0"
Laufen,2020-09-15 17:50:22,false,"Lüneburg Laufen","14.30","847","01:11:47","150","189","2.9","154","221","5:01","1:53","50","44","1.26","0.0","0.0","0.0","0.0","0.0","1:11:47","0:00","27.0","0:00","Nein","00:19.39","26","0.0"
Laufen,2020-09-14 10:15:39,false,"Lüneburg Laufen","6.10","378","00:27:38","149","171","2.5","167","186","4:32","4:01","22","25","1.32","0.0","0.0","0.0","0.0","0.0","27:38","0:00","22.0","0:00","Nein","00:25.76","7","0.0"
Laufen,2020-09-13 14:02:56,false,"Lüneburg Laufen","9.95","536","00:49:16","139","153","2.0","165","174","4:57","3:55","47","48","1.23","0.0","0.0","0.0","0.0","0.0","49:16","0:00","24.0","0:00","Nein","04:37.58","10","0.0"
Laufen,2020-09-12 18:55:00,false,"LM 5.000m 2020","5.00","287","00:16:20","179","200","3.2","184","192","3:16","2:51","--","--","1.73","0.0","0.0","0.0","0.0","0.0","16:20","0:00","22.0","0:00","Nein","03:14.08","5","0.0"
Laufen,2020-09-12 18:01:00,false,"Hannover Laufen","3.09","213","00:15:34","147","159","2.1","168","178","5:02","4:37","2","3","1.18","0.0","0.0","0.0","0.0","0.0","15:34","0:00","22.0","0:00","Nein","00:27.74","4","0.0"
Laufen,2020-09-12 09:45:36,false,"Lüneburg Laufen","4.66","271","00:22:04","143","194","2.0","164","178","4:44","3:02","21","18","1.28","0.0","0.0","0.0","0.0","0.0","22:04","0:00","20.0","0:00","Nein","02:45.54","5","0.0"
Laufen,2020-09-10 17:50:47,false,"Lüneburg Laufen","14.33","820","01:09:02","147","177","2.7","163","201","4:49","2:07","77","66","1.27","0.0","0.0","0.0","0.0","0.0","1:09:02","0:00","19.0","0:00","Nein","00:36.71","43","0.0"
Laufen,2020-09-08 17:51:31,false,"Lüneburg Laufen","13.80","814","01:07:51","151","188","2.8","153","217","4:55","2:12","59","51","1.28","0.0","0.0","0.0","0.0","0.0","1:07:51","0:00","20.0","0:00","Nein","00:59.100","22","0.0"
Laufen,2020-09-07 10:54:27,false,"Deinste Laufen","6.00","351","00:27:49","143","154","2.1","165","174","4:38","4:06","11","13","1.31","0.0","0.0","0.0","0.0","0.0","27:49","0:00","20.0","0:00","Nein","04:33.73","6","0.0"
Laufen,2020-09-06 14:40:43,false,"Buxtehude Laufen","2.20","137","00:10:49","139","147","1.2","167","174","4:55","4:27","6","3","1.22","0.0","0.0","0.0","0.0","0.0","10:49","0:00","22.0","0:00","Nein","00:58.87","3","0.0"
Laufen,2020-09-06 14:02:50,false,"Altstadtlauf Buxtehude 2020","4.84","300","00:17:29","176","189","3.0","171","184","3:37","3:13","6","6","1.62","0.0","0.0","0.0","0.0","0.0","17:29","0:00","20.0","0:00","Nein","02:54.30","5","0.0"
Laufen,2020-09-06 13:37:39,false,"Buxtehude Laufen","2.80","173","00:12:17","149","173","2.1","166","176","4:23","3:31","5","3","1.37","0.0","0.0","0.0","0.0","0.0","12:17","0:00","19.0","0:00","Nein","03:10.96","3","0.0"
Laufen,2020-09-05 14:00:21,false,"Deinste Laufen","18.78","1,130","01:16:45","159","174","3.2","169","182","4:05","3:32","39","40","1.45","0.0","0.0","0.0","0.0","0.0","1:16:45","0:00","19.0","0:00","Nein","02:58.26","19","0.0"
Laufen,2020-09-04 10:08:25,false,"Lüneburg Laufen","6.05","362","00:27:31","145","159","2.2","167","181","4:33","3:53","29","29","1.31","0.0","0.0","0.0","0.0","0.0","27:31","0:00","21.0","0:00","Nein","00:13.70","7","0.0"
Laufen,2020-09-03 17:49:15,false,"Lüneburg Laufen","13.75","737","01:03:35","146","184","2.8","160","228","4:37","2:15","58","53","1.32","0.0","0.0","0.0","0.0","0.0","1:03:35","0:00","16.0","0:00","Nein","01:06.93","17","0.0"
Laufen,2020-09-02 10:03:45,false,"Lüneburg Laufen","12.68","751","00:57:25","149","172","2.6","168","186","4:32","4:09","55","54","1.31","0.0","0.0","0.0","0.0","0.0","57:25","0:00","19.0","0:00","Nein","02:56.59","13","0.0"
Laufen,2020-09-01 17:51:33,false,"Lüneburg Laufen","13.17","766","01:10:40","143","188","2.3","153","229","5:22","2:08","46","35","1.18","0.0","0.0","0.0","0.0","0.0","1:10:40","0:00","21.0","0:00","Nein","00:29.46","29","0.0"
Laufen,2020-08-31 18:03:20,false,"Lüneburg Laufen","6.01","341","00:27:21","144","158","2.0","165","174","4:33","4:05","30","30","1.34","0.0","0.0","0.0","0.0","0.0","27:21","0:00","22.0","0:00","Nein","00:03.59","7","0.0"
Laufen,2020-08-30 12:23:52,false,"Lüneburg Laufen","10.00","611","00:39:47","163","179","3.3","170","182","3:59","3:29","39","39","1.48","0.0","0.0","0.0","0.0","0.0","39:47","0:00","23.0","0:00","Nein","03:39.16","10","0.0"
Laufen,2020-08-29 13:18:43,false,"Lüneburg Laufen","17.99","1,077","01:15:23","160","188","3.1","171","188","4:11","3:05","96","95","1.39","0.0","0.0","0.0","0.0","0.0","1:15:23","0:00","22.0","0:00","Nein","03:24.46","18","0.0"
Laufen,2020-08-28 09:56:39,false,"Lüneburg Laufen","8.22","496","00:36:10","150","170","2.5","169","199","4:24","2:12","27","28","1.35","0.0","0.0","0.0","0.0","0.0","36:10","0:00","19.0","0:00","Nein","00:53.49","9","0.0"
Laufen,2020-08-27 17:50:12,false,"Lüneburg Laufen","14.70","844","01:13:09","149","185","2.8","151","220","4:59","2:17","73","66","1.28","0.0","0.0","0.0","0.0","0.0","1:13:09","0:00","19.0","0:00","Nein","00:52.46","43","0.0"
Laufen,2020-08-26 10:02:34,false,"Lüneburg Laufen","9.95","616","00:43:37","152","176","2.7","166","180","4:23","3:53","43","49","1.37","0.0","0.0","0.0","0.0","0.0","43:37","0:00","18.0","0:00","Nein","04:03.25","10","0.0"
Laufen,2020-08-25 17:47:48,false,"Lüneburg Laufen","14.60","782","01:09:05","146","190","3.0","158","190","4:44","2:14","65","46","1.30","0.0","0.0","0.0","0.0","0.0","1:09:05","0:00","20.0","0:00","Nein","00:00.40","16","0.0"
Laufen,2020-08-24 10:10:46,false,"Lüneburg Laufen","6.05","337","00:28:05","143","156","2.0","165","176","4:39","3:48","29","30","1.30","0.0","0.0","0.0","0.0","0.0","28:05","0:00","21.0","0:00","Nein","00:12.11","7","0.0"
Laufen,2020-08-23 13:37:47,false,"Lüneburg Laufen","20.20","1,165","01:24:06","159","177","3.4","166","180","4:10","3:17","59","61","1.45","0.0","0.0","0.0","0.0","0.0","1:24:06","0:00","24.0","0:00","Nein","00:48.67","21","0.0"
Laufen,2020-08-22 18:23:49,false,"Lüneburg Laufen","10.00","593","00:42:32","154","177","2.7","165","220","4:15","2:21","49","46","1.43","0.0","0.0","0.0","0.0","0.0","42:32","0:00","23.0","0:00","Nein","04:02.76","10","0.0"
Laufen,2020-08-22 10:22:42,false,"Lüneburg Laufen","6.00","355","00:27:48","145","158","2.2","164","180","4:38","4:01","23","27","1.31","0.0","0.0","0.0","0.0","0.0","27:48","0:00","22.0","0:00","Nein","04:27.98","6","0.0"
Laufen,2020-08-21 17:58:56,false,"Lüneburg Laufen","6.73","435","00:28:02","160","180","3.0","167","177","4:10","3:17","10","11","1.44","0.0","0.0","0.0","0.0","0.0","28:02","0:00","27.0","0:00","Nein","02:33.88","7","0.0"
Laufen,2020-08-20 17:49:13,false,"Lüneburg Laufen","14.87","826","01:14:44","147","187","2.6","154","248","5:02","2:20","84","75","1.26","0.0","0.0","0.0","0.0","0.0","1:14:44","0:00","28.0","0:00","Nein","01:12.47","33","0.0"
Laufen,2020-08-19 09:20:21,false,"Lüneburg Laufen","12.00","681","00:53:30","149","160","2.5","166","176","4:28","3:39","50","50","1.35","0.0","0.0","0.0","0.0","0.0","53:30","0:00","23.0","0:00","Nein","04:20.33","12","0.0"
Laufen,2020-08-18 17:49:20,false,"Lüneburg Laufen","12.05","601","01:02:15","137","185","2.2","154","200","5:10","2:18","61","51","1.22","0.0","0.0","0.0","0.0","0.0","1:02:15","0:00","25.0","0:00","Nein","00:32.23","17","0.0"
Laufen,2020-08-17 18:26:16,false,"Lüneburg - 5x200m Gelände","7.73","477","00:33:25","158","180","2.9","170","188","4:19","2:55","47","48","1.36","0.0","0.0","0.0","0.0","0.0","33:25","0:00","24.0","0:00","Nein","00:04.87","15","0.0"
Laufen,2020-08-17 09:35:57,false,"Lüneburg Laufen","5.22","294","00:25:30","139","150","1.9","167","176","4:53","4:10","21","21","1.23","0.0","0.0","0.0","0.0","0.0","25:30","0:00","25.0","0:00","Nein","01:03.09","6","0.0"
Laufen,2020-08-16 12:53:47,false,"Lüneburg Laufen","14.96","966","01:05:01","162","185","3.6","168","194","4:21","2:27","71","67","1.37","0.0","0.0","0.0","0.0","0.0","1:05:01","0:00","30.0","0:00","Nein","04:07.23","15","0.0"
Laufen,2020-08-15 17:49:19,false,"Lüneburg Laufen","11.94","760","00:50:36","162","180","3.3","167","182","4:14","3:47","51","51","1.41","0.0","0.0","0.0","0.0","0.0","50:36","0:00","28.0","0:00","Nein","03:52.07","12","0.0"
Laufen,2020-08-15 09:58:07,false,"Lüneburg Laufen","6.06","376","00:28:21","147","159","2.3","166","176","4:41","3:51","30","33","1.29","0.0","0.0","0.0","0.0","0.0","28:21","0:00","27.0","0:00","Nein","00:16.74","7","0.0"
Laufen,2020-08-14 09:25:56,false,"Lüneburg Laufen","6.06","361","00:28:48","144","175","2.1","168","178","4:45","4:05","23","26","1.25","0.0","0.0","0.0","0.0","0.0","28:48","0:00","26.0","0:00","Nein","00:15.91","7","0.0"
Laufen,2020-08-13 17:49:37,false,"Lüneburg Laufen","12.41","697","01:01:30","146","189","2.6","157","206","4:57","2:05","60","51","1.25","0.0","0.0","0.0","0.0","0.0","1:01:30","0:00","30.0","0:00","Nein","02:28.75","15","0.0"
Laufen,2020-08-12 08:15:12,false,"Lüneburg Laufen","15.05","905","01:07:12","154","172","2.8","169","182","4:28","3:36","80","76","1.33","0.0","0.0","0.0","0.0","0.0","1:07:12","0:00","24.0","0:00","Nein","00:12.85","16","0.0"
Laufen,2020-08-11 17:49:04,false,"Lüneburg Laufen","14.74","834","01:12:15","151","190","2.9","155","200","4:54","2:13","68","63","1.28","0.0","0.0","0.0","0.0","0.0","1:12:15","0:00","30.0","0:00","Nein","00:56.60","33","0.0"
Laufen,2020-08-10 18:19:36,false,"Lüneburg Laufen","5.21","311","00:23:12","151","165","2.4","165","172","4:27","4:06","16","19","1.36","0.0","0.0","0.0","0.0","0.0","23:12","0:00","28.0","0:00","Nein","00:53.15","6","0.0"
Laufen,2020-08-09 15:23:09,false,"Hamburg Laufen","3.42","225","00:20:15","137","148","1.5","162","169","5:55","5:07","6","4","1.04","0.0","0.0","0.0","0.0","0.0","20:15","0:00","28.0","0:00","Nein","02:20.38","4","0.0"
Laufen,2020-08-09 13:34:07,false,"Hamburg Laufen","4.75","299","00:23:17","145","155","2.2","164","171","4:54","4:16","17","15","1.24","0.0","0.0","0.0","0.0","0.0","23:17","0:00","28.0","0:00","Nein","03:40.32","5","0.0"
Laufen,2020-08-09 08:28:36,false,"Deinste Laufen","4.00","224","00:19:11","136","146","1.7","169","176","4:48","4:28","5","6","1.23","0.0","0.0","0.0","0.0","0.0","19:11","0:00","25.0","0:00","Nein","04:44.35","4","0.0"
Laufen,2020-08-08 18:24:33,false,"Deinste Laufen","6.10","342","00:28:56","143","155","2.0","168","176","4:45","4:17","17","18","1.26","0.0","0.0","0.0","0.0","0.0","28:56","0:00","30.0","0:00","Nein","00:26.90","7","0.0"
Laufen,2020-08-08 09:37:55,false,"Deinste Laufen","8.00","480","00:36:16","150","179","2.5","168","202","4:32","2:26","21","19","1.32","0.0","0.0","0.0","0.0","0.0","36:16","0:00","26.0","0:00","Nein","04:06.68","8","0.0"
Laufen,2020-08-07 11:40:02,false,"Lüneburg Laufen","16.60","1,017","01:11:54","159","178","3.3","167","178","4:20","3:45","50","49","1.38","0.0","0.0","0.0","0.0","0.0","1:11:54","0:00","29.0","0:00","Nein","02:37.04","17","0.0"
Laufen,2020-08-06 17:49:44,false,"Lüneburg Laufen","11.55","668","01:04:18","140","186","2.1","154","215","5:34","2:08","44","33","1.15","0.0","0.0","0.0","0.0","0.0","1:04:18","0:00","30.0","0:00","Nein","00:28.29","17","0.0"
Laufen,2020-08-04 14:57:03,false,"Lüneburg Laufen","14.39","793","01:07:36","153","181","2.7","149","238","4:42","2:20","79","72","1.38","0.0","0.0","0.0","0.0","0.0","1:07:36","0:00","22.0","0:00","Nein","00:55.89","43","0.0"
Laufen,2020-08-04 08:38:37,false,"Lüneburg Laufen","4.20","231","00:19:43","139","157","1.7","164","179","4:42","4:19","17","18","1.30","0.0","0.0","0.0","0.0","0.0","19:43","0:00","20.0","0:00","Nein","00:54.87","5","0.0"
Laufen,2020-08-03 15:45:35,false,"Lüneburg Laufen","6.03","351","00:26:39","150","171","2.5","164","178","4:25","3:56","24","24","1.38","0.0","0.0","0.0","0.0","0.0","26:39","0:00","26.0","0:00","Nein","00:07.15","7","0.0"
Laufen,2020-08-02 11:03:51,false,"Lüneburg Laufen","6.06","365","00:30:41","143","179","2.1","168","178","5:04","4:21","30","31","1.18","0.0","0.0","0.0","0.0","0.0","30:41","0:00","25.0","0:00","Nein","00:17.33","7","0.0"
Laufen,2020-08-01 17:19:04,false,"Hamburg Laufen","3.09","246","00:18:28","150","156","2.1","164","171","5:59","5:15","4","3","1.02","0.0","0.0","0.0","0.0","0.0","18:28","0:00","28.0","0:00","Nein","00:29.26","4","0.0"
Laufen,2020-08-01 16:42:00,false,"Sportfest Hamburg 5.000m","5.00","286","00:16:26","184","203","3.3","181","192","3:17","2:47","--","--","1.74","0.0","0.0","0.0","0.0","0.0","16:26","0:00","26.0","0:00","Nein","03:09.77","5","0.0"
Laufen,2020-08-01 15:33:19,false,"Hamburg Laufen","4.33","308","00:21:45","151","161","2.4","166","176","5:01","4:30","7","8","1.20","0.0","0.0","0.0","0.0","0.0","21:45","0:00","25.0","0:00","Nein","01:38.32","5","0.0"
Laufen,2020-07-31 17:35:59,false,"Lüneburg Laufen","9.71","591","00:44:22","154","183","2.5","163","188","4:34","2:24","52","48","1.34","0.0","0.0","0.0","0.0","0.0","44:22","0:00","28.0","0:00","Nein","00:33.01","14","0.0"
Laufen,2020-07-29 16:19:24,false,"Lüneburg Laufen","13.28","784","01:00:01","151","184","2.6","167","200","4:31","2:23","65","67","1.32","0.0","0.0","0.0","0.0","0.0","1:00:01","0:00","22.0","0:00","Nein","01:14.06","14","0.0"
Laufen,2020-07-28 17:51:12,false,"Lüneburg Laufen","14.21","799","01:10:04","148","189","2.7","157","205","4:56","2:11","43","42","1.27","0.0","0.0","0.0","0.0","0.0","1:10:04","0:00","22.0","0:00","Nein","00:29.81","19","0.0"
Laufen,2020-07-27 13:51:47,false,"Lüneburg Laufen","6.04","366","00:25:35","154","174","2.6","164","174","4:14","3:41","29","24","1.44","0.0","0.0","0.0","0.0","0.0","25:35","0:00","24.0","0:00","Nein","00:08.79","7","0.0"
Laufen,2020-07-26 13:54:14,false,"Lüneburg Laufen","6.02","381","00:27:05","152","169","2.5","166","175","4:30","4:08","19","20","1.34","0.0","0.0","0.0","0.0","0.0","27:05","0:00","25.0","0:00","Nein","00:06.29","7","0.0"
Laufen,2020-07-25 18:30:28,false,"Lüneburg Laufen","9.47","585","00:45:09","155","186","2.4","157","225","4:46","2:26","68","72","1.31","0.0","0.0","0.0","0.0","0.0","45:09","0:00","24.0","0:00","Nein","00:27.54","22","0.0"
Laufen,2020-07-25 10:15:39,false,"Lüneburg Laufen","6.06","356","00:28:52","143","162","2.0","167","178","4:46","4:19","31","32","1.26","0.0","0.0","0.0","0.0","0.0","28:52","0:00","23.0","0:00","Nein","00:10.77","7","0.0"
Laufen,2020-07-24 13:22:49,false,"Lüneburg Laufen","12.00","727","00:53:55","151","166","2.4","166","178","4:30","3:55","55","59","1.34","0.0","0.0","0.0","0.0","0.0","53:55","0:00","25.0","0:00","Nein","04:24.45","12","0.0"
Laufen,2020-07-23 17:49:02,false,"Lüneburg Laufen","12.70","748","00:58:46","153","194","3.1","162","198","4:38","2:10","67","54","1.31","0.0","0.0","0.0","0.0","0.0","58:46","0:00","24.0","0:00","Nein","02:27.71","9","0.0"
Laufen,2020-07-22 15:01:40,false,"Lüneburg Laufen","6.09","356","00:26:19","149","163","2.1","163","172","4:19","3:59","31","32","1.42","0.0","0.0","0.0","0.0","0.0","26:19","0:00","22.0","0:00","Nein","00:21.22","7","0.0"
Laufen,2020-07-22 08:28:09,false,"Lüneburg Laufen","6.06","340","00:28:43","140","158","1.9","165","178","4:44","3:52","23","22","1.28","0.0","0.0","0.0","0.0","0.0","28:43","0:00","21.0","0:00","Nein","00:15.97","7","0.0"
Laufen,2020-07-21 17:49:59,false,"Lüneburg Laufen","12.49","697","01:08:38","139","189","2.2","150","238","5:30","2:10","46","37","1.17","0.0","0.0","0.0","0.0","0.0","1:08:38","0:00","20.0","0:00","Nein","01:07.29","17","0.0"
Laufen,2020-07-20 13:20:57,false,"Lüneburg Laufen","5.48","302","00:26:37","137","146","1.5","165","172","4:52","4:19","21","19","1.25","0.0","0.0","0.0","0.0","0.0","26:37","0:00","23.0","0:00","Nein","02:13.91","6","0.0"
Laufen,2020-07-19 13:11:19,false,"Lüneburg Laufen","13.00","813","00:53:17","161","189","3.4","167","178","4:06","3:36","61","59","1.46","0.0","0.0","0.0","0.0","0.0","53:17","0:00","26.0","0:00","Nein","03:57.30","13","0.0"
Laufen,2020-07-18 15:46:42,false,"Lüneburg Laufen","6.16","372","00:26:13","154","172","2.5","164","174","4:15","3:22","29","27","1.44","0.0","0.0","0.0","0.0","0.0","26:13","0:00","28.0","0:00","Nein","00:36.40","7","0.0"
Laufen,2020-07-18 08:53:54,false,"Lüneburg Laufen","8.35","505","00:42:48","146","180","2.1","156","236","5:07","2:29","77","73","1.23","0.0","0.0","0.0","0.0","0.0","42:48","0:00","23.0","0:00","Nein","00:23.30","21","0.0"
Laufen,2020-07-17 09:41:06,false,"Lüneburg Laufen","5.95","355","00:27:50","144","158","2.1","167","180","4:40","3:57","24","27","1.28","0.0","0.0","0.0","0.0","0.0","27:50","0:00","23.0","0:00","Nein","04:12.63","6","0.0"
Laufen,2020-07-16 17:53:33,false,"Lüneburg Laufen","12.62","701","01:02:18","145","187","2.5","158","195","4:56","2:18","59","55","1.25","0.0","0.0","0.0","0.0","0.0","1:02:18","0:00","22.0","0:00","Nein","02:55.21","13","0.0"
Laufen,2020-07-15 17:46:49,false,"Lüneburg Laufen","10.18","624","00:44:26","156","179","2.8","164","198","4:22","2:18","38","37","1.40","0.0","0.0","0.0","0.0","0.0","44:26","0:00","21.0","0:00","Nein","00:46.73","11","0.0"
Laufen,2020-07-15 09:33:14,false,"Lüneburg Laufen","5.86","364","00:27:41","147","162","2.3","163","178","4:44","4:10","22","25","1.29","0.0","0.0","0.0","0.0","0.0","27:41","0:00","21.0","0:00","Nein","03:48.66","6","0.0"
Laufen,2020-07-14 17:48:50,false,"Lüneburg Laufen","13.20","771","01:08:11","148","187","2.5","147","201","5:10","2:10","62","59","1.25","0.0","0.0","0.0","0.0","0.0","1:08:11","0:00","20.0","0:00","Nein","01:10.12","27","0.0"
Laufen,2020-07-13 12:52:25,false,"Lüneburg Laufen","5.00","294","00:22:10","147","158","2.2","162","180","4:26","3:55","18","16","1.39","0.0","0.0","0.0","0.0","0.0","22:10","0:00","23.0","0:00","Nein","04:19.97","5","0.0"
Laufen,2020-07-12 14:32:09,false,"Lüneburg Laufen","20.29","1,243","01:24:22","162","175","3.4","169","182","4:10","3:37","62","63","1.42","0.0","0.0","0.0","0.0","0.0","1:24:22","0:00","22.0","0:00","Nein","01:09.05","21","0.0"
Laufen,2020-07-11 17:03:03,false,"Lüneburg Laufen","12.28","735","00:52:01","156","170","3.0","168","179","4:14","3:47","53","53","1.40","0.0","0.0","0.0","0.0","0.0","52:01","0:00","21.0","0:00","Nein","01:07.23","13","0.0"
Laufen,2020-07-11 09:53:14,false,"Lüneburg Laufen","6.19","388","00:27:49","151","168","2.4","165","178","4:30","3:55","21","24","1.35","0.0","0.0","0.0","0.0","0.0","27:49","0:00","21.0","0:00","Nein","00:48.48","7","0.0"
Laufen,2020-07-10 17:02:51,false,"Lüneburg Laufen","10.00","596","00:41:39","156","168","2.7","166","178","4:10","3:34","46","51","1.45","0.0","0.0","0.0","0.0","0.0","41:39","0:00","19.0","0:00","Nein","04:00.27","10","0.0"
Laufen,2020-07-10 09:25:11,false,"Lüneburg Laufen","6.00","368","00:28:07","145","162","2.2","165","188","4:41","4:08","26","28","1.29","0.0","0.0","0.0","0.0","0.0","28:07","0:00","20.0","0:00","Nein","04:23.08","6","0.0"
Laufen,2020-07-09 18:06:47,false,"Lüneburg Laufen","13.14","740","01:04:00","148","187","2.8","157","201","4:52","2:13","68","60","1.27","0.0","0.0","0.0","0.0","0.0","1:04:00","0:00","18.0","0:00","Nein","00:30.46","17","0.0"
Laufen,2020-07-08 16:55:13,false,"Lüneburg Laufen","12.00","647","00:53:50","145","160","2.1","166","178","4:29","4:04","57","56","1.35","0.0","0.0","0.0","0.0","0.0","53:50","0:00","21.0","0:00","Nein","04:21.56","12","0.0"
Laufen,2020-07-08 07:22:46,false,"Lüneburg Laufen","6.04","350","00:29:15","139","157","1.8","165","178","4:51","4:07","25","16","1.25","0.0","0.0","0.0","0.0","0.0","29:15","0:00","18.0","0:00","Nein","00:09.38","7","0.0"
Laufen,2020-07-07 18:05:33,false,"Lüneburg Laufen","14.03","760","01:08:48","145","188","2.4","156","210","4:54","2:15","53","56","1.28","0.0","0.0","0.0","0.0","0.0","1:08:48","0:00","16.0","0:00","Nein","01:28.53","23","0.0"
Laufen,2020-07-06 15:38:40,false,"Lüneburg Laufen","7.47","400","00:33:59","142","156","2.0","162","174","4:33","4:09","38","36","1.35","0.0","0.0","0.0","0.0","0.0","33:59","0:00","21.0","0:00","Nein","02:03.29","8","0.0"
Laufen,2020-07-05 13:37:12,false,"Deinste Laufen","21.15","1,333","01:29:03","162","176","3.5","166","180","4:13","3:51","45","48","1.43","0.0","0.0","0.0","0.0","0.0","1:29:03","0:00","21.0","0:00","Nein","00:37.44","22","0.0"
Laufen,2020-07-04 16:36:43,false,"Jork Laufen","13.00","759","00:55:55","155","181","3.0","165","178","4:18","3:02","22","25","1.41","0.0","0.0","0.0","0.0","0.0","55:55","0:00","20.0","0:00","Nein","03:17.79","13","0.0"
Laufen,2020-07-04 09:24:09,false,"Deinste Laufen","6.15","380","00:29:40","144","165","2.1","164","172","4:50","3:58","16","17","1.27","0.0","0.0","0.0","0.0","0.0","29:40","0:00","21.0","0:00","Nein","00:39.68","7","0.0"
Laufen,2020-07-02 18:46:39,false,"Lüneburg Laufen","13.88","759","01:08:43","142","186","2.4","157","192","4:57","2:21","50","54","1.26","0.0","0.0","0.0","0.0","0.0","1:08:43","0:00","19.0","0:00","Nein","00:34.73","18","0.0"
Laufen,2020-07-01 16:00:09,false,"Lüneburg Laufen","7.43","425","00:35:49","145","176","2.1","158","201","4:49","2:34","74","64","1.31","0.0","0.0","0.0","0.0","0.0","35:49","0:00","22.0","0:00","Nein","00:23.81","15","0.0"
Laufen,2020-07-01 07:02:05,false,"Lüneburg Laufen","5.88","344","00:28:19","142","153","2.0","168","178","4:49","4:17","26","26","1.24","0.0","0.0","0.0","0.0","0.0","28:19","0:00","20.0","0:00","Nein","04:02.75","6","0.0"
